Job Title	Company Name	Company Ratings	Location	Salary	Job Type
Python Developer	Denken Solutions Inc	4.7	"Remote in Texas City, TX"	Estimated $103K - $130K a year	Contract
Back End Developer	Underdog.io		Remote	"$130,575 - $182,687 a year"	Full-time
Python Developer	CloudBC Labs		"Reston, VA 20191, (South Lakes Dr - Soapstone Dr area)"	Estimated $99.2K - $126K a year	
Python Developer	Resolution Life		"Sydney, FL"	Estimated $97.3K - $123K a year	Full-time
Python developer	DevCare Solutions	3.7	"Atlanta, GA"	Estimated $104K - $132K a year	
Python Developer	Webnexs		"Cheyenne, WY 82001"	Estimated $75.5K - $95.7K a year	
Backend Python Developer	Realign LLC		Remote in California	Estimated $105K - $133K a year	Contract
Python Developer	Accenture	4	Remote		Contract
Backend Python Developer	Braintrust	4.5	"Remote in San Francisco, CA 94133"	$70 - $100 an hour	"Part-time
+1"
Python Developer	Paktolus		Remote	Estimated $74.6K - $94.4K a year	Full-time
Python Developer	Concentrix Catalyst	3.6	Remote	Estimated $105K - $133K a year	Full-time
Python Engineer - DTPLWT22	WELLS FARGO BANK	3.7	"Summit, NJ 07901"		Full-time
Python Developer	Saraca Solutions		"Harrisburg, PA"	Estimated $84.1K - $106K a year	
Python Developer	Intone Networks	4.2	"Johnston, IA"	Estimated $112K - $142K a year	Contract
Python Developer	Realign LLC		"Bellevue, WA"	Estimated $97.8K - $124K a year	Full-time
Python/Django Developer	Solution Street	5	"Remote in Herndon, VA 20171"	Estimated $106K - $134K a year	Full-time
Entry Level Software Developer	Grant Street Group	3.7	Remote	Estimated $73.3K - $92.9K a year	
Software Developer (Python)	Proofpoint	3.6	"Remote in Broomfield, CO"	Estimated $98.2K - $124K a year	Full-time
Python Developer	Tek Ninjas		"Remote in Raleigh, NC 27602"	Estimated $106K - $134K a year	Contract
Python Developer	Datafortune		"Alpharetta, GA 30022"	Estimated $98.8K - $125K a year	
Software Engineer	Underdog.io		"Remote in San Francisco, CA"	"$140,867 - $150,028 a year"	Full-time
Backend Python Developer	Tek Ninjas		"Remote in Dallas, TX 75201"	Estimated $126K - $159K a year	
Snowflake - Python Developer	Cognizant	3.9	"Remote in Dallas, TX 75254"		Full-time
Python Developer	Convazant		"Sunnyvale, CA"	Estimated $108K - $137K a year	
Jr Java Developer (Freshers)	Realign LLC		"Bellevue, WA"	Estimated $88.2K - $112K a year	Full-time
PYTHON DEVELOPER	Pythonwise		"Seattle, WA"	Estimated $100K - $127K a year	
Python Risk Developer II - FICC Emerging Markets	Bank of America	3.8	"New York, NY"	Estimated $128K - $162K a year	Full-time
Software Developer (Python and Bash) - Remote	SAS	4.1	"Remote in Cary, NC 27513"	Estimated $88.1K - $112K a year	
Mid-level Python REST Developer (Remote)	cloudteam		"Remote in Jacksonville, FL 32256"	Estimated $95.9K - $121K a year	Contract
Python Developer - WA22-03946	"Evergreen Technologies, LLC."		"Rowlett, TX"	Estimated $104K - $132K a year	
University Grad Software Engineer (USA)	Pinterest	4.2	Remote	"$139,000 - $170,000 a year"	Internship
PYTHON DEVELOPER	OC10		"Charlotte, NC 28202, (Downtown Charlotte area)"	Estimated $93.5K - $118K a year	
Frontend Developer	Real Vision	3.9	"Remote in New York, NY 10001"	Estimated $115K - $145K a year	Full-time
Python Developer	Avco Consulting	3.8	"Worcester, MA 01608"	Estimated $87.4K - $111K a year	
Junior Software Developer	Mascoma Bank	4.1	"Remote in White River Junction, VT 05001"	Estimated $61.1K - $77.3K a year	Full-time
"Backend Engineer, Audiobooks"	Spotify	4.3	"Remote in New York, NY"	Estimated $129K - $163K a year	On call
Python Developer	Intellilink Technologies		"Princeton, NJ"	Estimated $69.7K - $88.3K a year	Full-time
Python Developer	Clairvoyant	3.8	"Remote in Chandler, AZ 85226"	Estimated $113K - $143K a year	"Full-time
+1"
Python Developer	Congruent Info-Tech		"Bellevue, WA 98007, (Lake Hills area)"	Estimated $86.3K - $109K a year	
Junior Developer - Python	Akuna Capital	3.2	"Chicago, IL 60604, (The Loop area)"	Estimated $73.4K - $93K a year	
Sr Python Developer - Remote	Allscripts	3.5	"Remote in Kansas City, MO"	Estimated $101K - $128K a year	
Python Developer	Crunch.io		Remote in United States	Estimated $99.7K - $126K a year	On call
Python Developer	Adroiti Technologies		"Remote in Marina del Rey, CA"	"$4,000 a month"	Full-time
Python Developer	Go8IT		"Princeton, NJ 08540"	Estimated $74.3K - $94.1K a year	Full-time
Python Application Developer (**REMOTE AVAILABLE**)	Vanderbilt University Medical Center	3.8	"Remote in Nashville, TN 37203"		Full-time
Python Developer	"JPMorgan Chase Bank, N.A."	3.8	"Wilmington, DE"		Full-time
Python Developer	Sara Technologies		"San Diego, CA 92127"	Estimated $87.5K - $111K a year	Full-time
Python Developer	Arka Technologies		"Los Angeles, CA 90045"	Estimated $111K - $141K a year	Full-time
PYTHON DEVELOPER	Netresolute		"Philadelphia, PA"	Estimated $91K - $115K a year	
Python Developer	Nuvento systems		Remote	Estimated $93.5K - $118K a year	Full-time
Python Developer	Career Soft Solutions		"Minneapolis, MN 55401, (North Loop area)"	$65 an hour	Full-time
Python Developer	Hussmann Corporation	3.5	"Portland, OR"	Estimated $89.6K - $113K a year	Full-time
Software Engineer- Recent Graduate	PayPal	3.9	"New York, NY"	Estimated $119K - $151K a year	Full-time
Full Stack Engineer	Braintrust	4.5	"Remote in San Francisco, CA 94133"	$75 - $122 an hour	"Part-time
+1"
Python Developer	Sofmen		"Saratoga, CA 95070"	Estimated $90.4K - $114K a year	
PYTHON MICROSERVICES ENGINEER	STAND 8		"Remote in Morro Bay, CA"	Estimated $104K - $131K a year	"Full-time
+1"
Python developer	Libsys		Remote	Estimated $115K - $146K a year	
Python Developer	Velvetech		"Northbrook, IL 60062"	Estimated $109K - $138K a year	
Python Developer	Octopus Energy		Remote	Estimated $94.7K - $120K a year	Full-time
Python Framework Developer	LOCKHEED MARTIN CORPORATION	4	"Littleton, CO 80125"		Full-time
Python Developer	Qatalys Software Technologies		"Irving, TX"	Estimated $95.2K - $121K a year	
Python/Django Developer	Conduent	2.7	Remote	$96.25 an hour	Full-time
Python Developer	Avani Systems		"Newark, DE"	Estimated $103K - $131K a year	
Python Application Developer	Morgan Stanley	3.8	"New York, NY 10036, (Midtown area)"		Full-time
Python Developer (Fullstack)	Konviere Corporation		"Leawood, KS"	Estimated $78.6K - $99.6K a year	Full-time
Senior Python Developer	OMBU		"Portland, OR 97214, (Buckman area)"	Estimated $102K - $130K a year	Part-time
Python QT Developer	Palnar Transmedia		United States	Estimated $94.1K - $119K a year	
Python (Django/Flask) Developer	Trood		"New York, NY 10272, (Financial District area)"	Estimated $122K - $155K a year	
Python - AWS Developer ( US- Remote)	Amgen	4	"Remote in Thousand Oaks, CA"		Full-time
Python and Airflow Developer	Capgemini	3.8	Remote	Estimated $95.8K - $121K a year	Contract
"AMTS, Software Engineer"	Salesforce	4.4	"Remote in San Francisco, CA"		Full-time
Senior Python Full Stack Developer	Blue People		Remote	Estimated $93.5K - $118K a year	
Senior Python Developer	Ollanna		"San Francisco, CA"	Estimated $140K - $177K a year	Self-determined schedule
Software Developer - Python	"NIKSUN, Inc."	1	Remote	Estimated $74.6K - $94.4K a year	Full-time
Remote Python Developer	Piper Companies	4.5	Remote	"$100,000 - $145,000 a year"	
Python Developer	Intone Networks	4.2	"Johnston, IA"	Estimated $112K - $142K a year	Contract
Python Developer	Nexient	3.5	Remote in United States	Estimated $91K - $115K a year	Full-time
Python Developer	Virtualware Innovations		"Dallas, TX 75204, (M Streets area)"	Estimated $94.8K - $120K a year	
"Developer, Frontend"	"Swap.com, Inc."		"Remote in Bolingbrook, IL 60440"	Estimated $84.2K - $107K a year	Part-time
Python Developer	Fresh Consulting	3.7	"New York, NY"	Estimated $107K - $136K a year	"Full-time
+1"
Full Stack Developer (React/Python)	Kyte	3.4	"Remote in San Francisco, CA"	Estimated $133K - $169K a year	Full-time
Senior Software Engineer	Underdog.io		"Hybrid remote in San Francisco, CA"	"$157,872 - $166,937 a year"	Full-time
Python Developer	Santex Group		United States	Estimated $88.1K - $112K a year	
Python Developer	"UpStack Technologies, Inc."		"New York, NY"	Estimated $100K - $127K a year	Full-time
Senior Python Software Engineer - Ultra Cruise SDV	General Motors	4	"Warren, MI"		Full-time
Mid Full Stack Engineer (Python / React)	EX2 Outcoding		Remote	Estimated $77.8K - $98.6K a year	Full-time
Staff Software Engineer	Uber	3.6	"San Francisco, CA 94103, (South of Market area)"	Estimated $154K - $195K a year	Full-time
Staff Python Engineer	Wellframe		"Remote in Boston, MA 02210"	Estimated $138K - $175K a year	
Python Developer	Sigma Solve		"Sunrise, FL"	Estimated $113K - $143K a year	
Entry / Mid Level Python Developer	Rush Order	3.4	"Gilroy, CA 95020"	Estimated $61.8K - $78.2K a year	
Python Developer	Cloud Info Global		United States	Estimated $92.4K - $117K a year	
Full Stack Developer (Python)	Tek Ninjas		"Oakland, CA 94601, (Harrington area)"	Estimated $101K - $128K a year	Full-time
Backend Engineer - Python (Remote)	Paramount	3.9	"Remote in New York, NY 10036"	Estimated $105K - $133K a year	Full-time
Software Quality Engineer ***W2/Benefits Provided***	Braintrust	4.5	"Remote in San Francisco, CA 94133"	$80 - $87 an hour	"Full-time
+1"
PYTHON DEVELOPER	Snap IT Solutions		"Houston, TX 77099, (Alief area)"	Estimated $88.4K - $112K a year	
Remote Python Developer	Nikola Motor Company	3.4	"Remote in Phoenix, AZ"	Estimated $100K - $127K a year	
Python Developer	Goodyear	3.7	"Akron, OH"		
"Staff Full Stack Engineer, Autopilot AI (ReactJS, Python)"	Tesla	3.4	"Palo Alto, CA"		Full-time
Python Developer	Doran Jones	4.4	"Jersey City, NJ"	Estimated $90.9K - $115K a year	Full-time
Back-end Engineer (Python)	CartPilot.		"Chicago, IL"	Estimated $87.1K - $110K a year	Full-time
Entry Level - Associate Developer (Commercial): Back End	IBM	3.9	"New York, NY 10001, (Chelsea area)"	Estimated $97.3K - $123K a year	Full-time
PYTHON DEVELOPER	Nextshift		"Raritan, NJ"	Estimated $105K - $133K a year	
Investment Systems Python Developer	Arrowstreet Capital	4	"Boston, MA"	Estimated $100K - $127K a year	Full-time
Jr Python Developer	Veracity Software		"Iselin, NJ 08830"	Estimated $69.5K - $88.1K a year	
Equities Software Developer II	Bank of America	3.8	"New York, NY"	Estimated $127K - $161K a year	Full-time
Software Engineer - Apprentice	wepay	4	"Remote in Palo Alto, CA"		Apprenticeship
IT Developer	Medtronic	3.9	"Mounds View, MN"		Apprenticeship
Python Developer	Alertus		"Remote in Fort Lauderdale, FL 33315"	Estimated $85.1K - $108K a year	Full-time
Python/Automation	Tek Ninjas		"Remote in Southlake, TX 76092"	Estimated $97.3K - $123K a year	Contract
Software Engineer (Python)	EAB	3.7	Remote	Estimated $91.2K - $115K a year	Full-time
Software Engineer- Work from home- Express Scripts	Cigna	3.7	"Remote in Hartford, CT 06152"	"$93,800 - $156,300 a year"	Full-time
DevOps Engineer	Proofpoint	3.6	"Remote in Boston, MA"	Estimated $109K - $138K a year	Full-time
Rust or C++ Developer/Software Engineer – Tesla Bot Simulati...	Tesla	3.4	"Palo Alto, CA"		Full-time
Django/Python Developer	KMM Technologies	2.8	"Bethesda, MD"	Estimated $112K - $142K a year	Contract
Software Engineer - Recent/Upcoming Graduates	Performance		"Cedar Rapids, IA 52404"	Estimated $77.4K - $98K a year	Full-time
Front-end Engineer	"Amazon Dev Center U.S., Inc."	3.5	Remote	"$143,700 - $194,400 a year"	Full-time
Senior Python Developer	Softvision - North America		"Remote in Minneapolis, MN 55111"	"$120,000 - $150,000 a year"	Full-time
Software Engineer	WellPower - Administrative		"Remote in Denver, CO"	"$82,450 - $97,000 a year"	"Weekend availability
+1"
Software Engineering Development Program (Start Date: Januar...	Paramount+	3.9	"Los Angeles, CA 90069"	Estimated $83.3K - $105K a year	Full-time
Entry/Jr. Software Developer	Maxar Technologies	3.5	Remote		Full-time
Python Developer	Promantis Inc		"Remote in Columbus, OH 43222"	Estimated $94.7K - $120K a year	Full-time
"Software Engineer (E4), Developer Productivity for TVUI"	Netflix	3.9	"Los Gatos, CA"	Estimated $105K - $132K a year	
Python Engineer	Iron Systems	3.3	"Fremont, CA 94539, (East Industrial area)"	Estimated $78K - $98.8K a year	
Python Developer	Mojo Solutions		"Santa Ana, CA 92701, (Saddleback View area)"	Estimated $79.1K - $100K a year	Full-time
Software Engineer	Microsoft	4.2	"Redmond, WA 98052, (Overlake area)"		Full-time
Senior Python Engineer - Remote	Xplor	4.3	"Remote in Durham, NC"	"$100,000 - $145,000 a year"	Full-time
Python Developer	Applied Information Sciences	4	"Remote in Reston, VA 20191"	Estimated $108K - $137K a year	
Python Developer - Remote: 22-04250	Akraya Inc.	3.6	"Remote in Santa Clara, CA 95054"	Estimated $122K - $155K a year	
Part-Time Student-Software Engineering-Cybersecurity-Remote	John Deere	4	"Remote in Urbandale, IA 50322"	"Full-time
+1"	Year round work
Pyspark/Python Developer	Tra’Bian Enterprises		"Temporarily Remote in Dallas, TX"	Estimated $94.5K - $120K a year	Contract
Python Developer	Digiprima		"New York, NY"	Estimated $98.8K - $125K a year	
SQL Server Developer - Fully Remote	Magellan Health	3.5	"Remote in Harrisburg, PA 17112"	Estimated $87.8K - $111K a year	Full-time
MUSA - 4810 - Python Developer with Azure	MomentoUSA		Remote	Estimated $108K - $137K a year	Contract
Entry-Level Software Engineer	Openpath Security Inc.		"Schaumburg, IL"	Estimated $57.4K - $72.6K a year	Full-time
Python Developer – Brussel	Juvo bvba		"German, VA"	Estimated $99.4K - $126K a year	
Python Developer Jr.	Brown Brothers Harriman	3.6	"New York, NY"	"$60,000 - $75,000 a year"	Full-time
Full Stack Developer	Colgate-Palmolive	4.3	"Piscataway, NJ 08854"		Full-time
Audio Triage Automation Engineer	Apple	4.1	"Cupertino, CA"		Full-time
M365 Developer (Remote)	Parsons	3.9	Remote	"$110,600 - $199,100 a year"	Full-time
Python Web Developer	NovaGigs		"McLean, VA"	Estimated $88.1K - $112K a year	
Gaming Software Engineer - Entry Level	Light & Wonder	5	"Chicago, IL"	Estimated $55.9K - $70.7K a year	Full-time
Quantitative Developer (Python)	Engineers Gate		"New York, NY"	Estimated $104K - $132K a year	
Senior JavaScript / Python Developer	Blue People		Remote	Estimated $115K - $145K a year	
Research Software Engineer	Princeton University	4.4	"Princeton, NJ 08542"		Full-time
Python-Developers	Celandyne Software Solutions		"Santa Clara, CA 95050"	Estimated $96.3K - $122K a year	
Python Engineer with AWS	Saleor Commerce		Remote	Estimated $79.3K - $100K a year	Full-time
PYTHON DEVELOPER	FI Consulting	4	"Arlington, VA 22209, (Radnor-Ft Myer Heights area)"	Estimated $94K - $119K a year	
Python Developer	Right Talents		"New York, NY"	Estimated $127K - $161K a year	
Software Development Engineer	Capital Group	3.9	"Hybrid remote in Los Angeles, CA 90025"	Estimated $97.1K - $123K a year	
Python Developer	Photon	3.7	"Dallas, TX 75234"	Estimated $100K - $127K a year	
